<?xml version="1.0" encoding="UTF-8"?>
<app version="1.14, 3.0 r1272 Mod"> //ShortFuse, Glitch, Kirbeast, USB Loader GX Team
	<name>Project+</name>
	<coder>Project+ Dev Team</coder>
	<version>3.0.5</version>
	<release_date>202409161200</release_date>
	<short_description>Project+ Launcher</short_description>
	<long_description>                              HOLD A FOR LAUNCHER MENU

Project+ is a community-built mod of Project M featuring new aesthetics, stages, features, &amp; Knuckles. This mod would not be possible without the longstanding support of the Project M community. Thank you for playing!</long_description>
</app>